{"cameraMode":{"drawMode":0,"name":"Shaded","section":"Shading Mode"},"sceneLighting":true,"audioPlay":false,"sceneViewState":{"m_AlwaysRefresh":false,"showFog":true,"showSkybox":true,"showFlares":true,"showImageEffects":true,"showParticleSystems":true,"showVisualEffectGraphs":true,"m_FxEnabled":true},"in2DMode":false,"pivot":{"x":-1.053717017173767,"y":0.24961566925048829,"z":-0.1283740997314453},"rotation":{"x":-0.009820076636970044,"y":0.9573088884353638,"z":-0.28703969717025759,"w":-0.032751355320215228},"size":10.278266906738282,"orthographic":false}