{"cameraMode":{"drawMode":0,"name":"Shaded","section":"Shading Mode"},"sceneLighting":true,"audioPlay":false,"sceneViewState":{"m_AlwaysRefresh":false,"showFog":true,"showSkybox":true,"showFlares":true,"showImageEffects":true,"showParticleSystems":true,"showVisualEffectGraphs":true,"m_FxEnabled":true},"in2DMode":false,"pivot":{"x":-2.5976810455322267,"y":-2.2893428802490236,"z":6.554913520812988},"rotation":{"x":-0.15629759430885316,"y":0.8022629618644714,"z":-0.23923951387405396,"w":-0.5241268277168274},"size":12.254355430603028,"orthographic":false}